Letter1,Letter2,Letter3,Letter4,Letter5,Word
a,b,a,c,k,aback
a,b,a,s,e,abase
a,b,a,t,e,abate
a,b,b,e,y,abbey
a,b,b,o,t,abbot
a,b,h,o,r,abhor
a,b,i,d,e,abide
a,b,l,e,d,abled
a,b,o,d,e,abode
a,b,o,r,t,abort
a,b,o,u,t,about
a,b,o,v,e,above
a,b,u,s,e,abuse
a,b,y,s,s,abyss
a,c,o,r,n,acorn
a,c,r,i,d,acrid
a,c,t,o,r,actor
a,c,u,t,e,acute
a,d,a,g,e,adage
a,d,a,p,t,adapt
a,d,e,p,t,adept
a,d,m,i,n,admin
a,d,m,i,t,admit
a,d,o,b,e,adobe
a,d,o,p,t,adopt
a,d,o,r,e,adore
a,d,o,r,n,adorn
a,d,u,l,t,adult
a,f,f,i,x,affix
a,f,i,r,e,afire
a,f,o,o,t,afoot
a,f,o,u,l,afoul
a,f,t,e,r,after
a,g,a,i,n,again
a,g,a,p,e,agape
a,g,a,t,e,agate
a,g,e,n,t,agent
a,g,i,l,e,agile
a,g,i,n,g,aging
a,g,l,o,w,aglow
a,g,o,n,y,agony
a,g,r,e,e,agree
a,h,e,a,d,ahead
a,i,d,e,r,aider
a,i,s,l,e,aisle
a,l,a,r,m,alarm
a,l,b,u,m,album
a,l,e,r,t,alert
a,l,g,a,e,algae
a,l,i,b,i,alibi
a,l,i,e,n,alien
a,l,i,g,n,align
a,l,i,k,e,alike
a,l,i,v,e,alive
a,l,l,a,y,allay
a,l,l,e,y,alley
a,l,l,o,t,allot
a,l,l,o,w,allow
a,l,l,o,y,alloy
a,l,o,f,t,aloft
a,l,o,n,e,alone
a,l,o,n,g,along
a,l,o,o,f,aloof
a,l,o,u,d,aloud
a,l,p,h,a,alpha
a,l,t,a,r,altar
a,l,t,e,r,alter
a,m,a,s,s,amass
a,m,a,z,e,amaze
a,m,b,e,r,amber
a,m,b,l,e,amble
a,m,e,n,d,amend
a,m,i,s,s,amiss
a,m,i,t,y,amity
a,m,o,n,g,among
a,m,p,l,e,ample
a,m,p,l,y,amply
a,m,u,s,e,amuse
a,n,g,e,l,angel
a,n,g,e,r,anger
a,n,g,l,e,angle
a,n,g,r,y,angry
a,n,g,s,t,angst
a,n,i,m,e,anime
a,n,k,l,e,ankle
a,n,n,e,x,annex
a,n,n,o,y,annoy
a,n,n,u,l,annul
a,n,o,d,e,anode
a,n,t,i,c,antic
a,n,v,i,l,anvil
a,o,r,t,a,aorta
a,p,a,r,t,apart
a,p,h,i,d,aphid
a,p,i,n,g,aping
a,p,n,e,a,apnea
a,p,p,l,e,apple
a,p,p,l,y,apply
a,p,r,o,n,apron
a,p,t,l,y,aptly
a,r,b,o,r,arbor
a,r,d,o,r,ardor
a,r,e,n,a,arena
a,r,g,u,e,argue
a,r,i,s,e,arise
a,r,m,o,r,armor
a,r,o,m,a,aroma
a,r,o,s,e,arose
a,r,r,a,y,array
a,r,r,o,w,arrow
a,r,s,o,n,arson
a,r,t,s,y,artsy
a,s,c,o,t,ascot
a,s,h,e,n,ashen
a,s,i,d,e,aside
a,s,k,e,w,askew
a,s,s,a,y,assay
a,s,s,e,t,asset
a,t,o,l,l,atoll
a,t,o,n,e,atone
a,t,t,i,c,attic
a,u,d,i,o,audio
a,u,d,i,t,audit
a,u,g,u,r,augur
a,u,n,t,y,aunty
a,v,a,i,l,avail
a,v,e,r,t,avert
a,v,i,a,n,avian
a,v,o,i,d,avoid
a,w,a,i,t,await
a,w,a,k,e,awake
a,w,a,r,d,award
a,w,a,r,e,aware
a,w,a,s,h,awash
a,w,f,u,l,awful
a,w,o,k,e,awoke
a,x,i,a,l,axial
a,x,i,o,m,axiom
a,x,i,o,n,axion
a,z,u,r,e,azure
b,a,c,o,n,bacon
b,a,d,g,e,badge
b,a,d,l,y,badly
b,a,g,e,l,bagel
b,a,g,g,y,baggy
b,a,k,e,r,baker
b,a,l,e,r,baler
b,a,l,m,y,balmy
b,a,n,a,l,banal
b,a,n,j,o,banjo
b,a,r,g,e,barge
b,a,r,o,n,baron
b,a,s,a,l,basal
b,a,s,i,c,basic
b,a,s,i,l,basil
b,a,s,i,n,basin
b,a,s,i,s,basis
b,a,s,t,e,baste
b,a,t,c,h,batch
b,a,t,h,e,bathe
b,a,t,o,n,baton
b,a,t,t,y,batty
b,a,w,d,y,bawdy
b,a,y,o,u,bayou
b,e,a,c,h,beach
b,e,a,d,y,beady
b,e,a,r,d,beard
b,e,a,s,t,beast
b,e,e,c,h,beech
b,e,e,f,y,beefy
b,e,f,i,t,befit
b,e,g,a,n,began
b,e,g,a,t,begat
b,e,g,e,t,beget
b,e,g,i,n,begin
b,e,g,u,n,begun
b,e,i,n,g,being
b,e,l,c,h,belch
b,e,l,i,e,belie
b,e,l,l,e,belle
b,e,l,l,y,belly
b,e,l,o,w,below
b,e,n,c,h,bench
b,e,r,e,t,beret
b,e,r,r,y,berry
b,e,r,t,h,berth
b,e,s,e,t,beset
b,e,t,e,l,betel
b,e,v,e,l,bevel
b,e,z,e,l,bezel
b,i,b,l,e,bible
b,i,c,e,p,bicep
b,i,d,d,y,biddy
b,i,g,o,t,bigot
b,i,l,g,e,bilge
b,i,l,l,y,billy
b,i,n,g,e,binge
b,i,n,g,o,bingo
b,i,o,m,e,biome
b,i,r,c,h,birch
b,i,r,t,h,birth
b,i,s,o,n,bison
b,i,t,t,y,bitty
b,l,a,c,k,black
b,l,a,d,e,blade
b,l,a,m,e,blame
b,l,a,n,d,bland
b,l,a,n,k,blank
b,l,a,r,e,blare
b,l,a,s,t,blast
b,l,a,z,e,blaze
b,l,e,a,k,bleak
b,l,e,a,t,bleat
b,l,e,e,d,bleed
b,l,e,e,p,bleep
b,l,e,n,d,blend
b,l,e,s,s,bless
b,l,i,m,p,blimp
b,l,i,n,d,blind
b,l,i,n,k,blink
b,l,i,s,s,bliss
b,l,i,t,z,blitz
b,l,o,a,t,bloat
b,l,o,c,k,block
b,l,o,k,e,bloke
b,l,o,n,d,blond
b,l,o,o,d,blood
b,l,o,o,m,bloom
b,l,o,w,n,blown
b,l,u,e,r,bluer
b,l,u,f,f,bluff
b,l,u,n,t,blunt
b,l,u,r,b,blurb
b,l,u,r,t,blurt
b,l,u,s,h,blush
b,o,a,r,d,board
b,o,a,s,t,boast
b,o,b,b,y,bobby
b,o,n,e,y,boney
b,o,n,g,o,bongo
b,o,n,u,s,bonus
b,o,o,b,y,booby
b,o,o,s,t,boost
b,o,o,t,h,booth
b,o,o,t,y,booty
b,o,o,z,e,booze
b,o,o,z,y,boozy
b,o,r,a,x,borax
b,o,r,n,e,borne
b,o,s,o,m,bosom
b,o,s,s,y,bossy
b,o,t,c,h,botch
b,o,u,g,h,bough
b,o,u,l,e,boule
b,o,u,n,d,bound
b,o,w,e,l,bowel
b,o,x,e,r,boxer
b,r,a,c,e,brace
b,r,a,i,d,braid
b,r,a,i,n,brain
b,r,a,k,e,brake
b,r,a,n,d,brand
b,r,a,s,h,brash
b,r,a,s,s,brass
b,r,a,v,e,brave
b,r,a,v,o,bravo
b,r,a,w,l,brawl
b,r,a,w,n,brawn
b,r,e,a,d,bread
b,r,e,a,k,break
b,r,e,e,d,breed
b,r,i,a,r,briar
b,r,i,b,e,bribe
b,r,i,c,k,brick
b,r,i,d,e,bride
b,r,i,e,f,brief
b,r,i,n,e,brine
b,r,i,n,g,bring
b,r,i,n,k,brink
b,r,i,n,y,briny
b,r,i,s,k,brisk
b,r,o,a,d,broad
b,r,o,i,l,broil
b,r,o,k,e,broke
b,r,o,o,d,brood
b,r,o,o,k,brook
b,r,o,o,m,broom
b,r,o,t,h,broth
b,r,o,w,n,brown
b,r,u,n,t,brunt
b,r,u,s,h,brush
b,r,u,t,e,brute
b,u,d,d,y,buddy
b,u,d,g,e,budge
b,u,g,g,y,buggy
b,u,g,l,e,bugle
b,u,i,l,d,build
b,u,i,l,t,built
b,u,l,g,e,bulge
b,u,l,k,y,bulky
b,u,l,l,y,bully
b,u,n,c,h,bunch
b,u,n,n,y,bunny
b,u,r,l,y,burly
b,u,r,n,t,burnt
b,u,r,s,t,burst
b,u,s,e,d,bused
b,u,s,h,y,bushy
b,u,t,c,h,butch
b,u,t,t,e,butte
b,u,x,o,m,buxom
b,u,y,e,r,buyer
b,y,l,a,w,bylaw
c,a,b,a,l,cabal
c,a,b,b,y,cabby
c,a,b,i,n,cabin
c,a,b,l,e,cable
c,a,c,a,o,cacao
c,a,c,h,e,cache
c,a,c,t,i,cacti
c,a,d,d,y,caddy
c,a,d,e,t,cadet
c,a,g,e,y,cagey
c,a,i,r,n,cairn
c,a,m,e,l,camel
c,a,m,e,o,cameo
c,a,n,a,l,canal
c,a,n,d,y,candy
c,a,n,n,y,canny
c,a,n,o,e,canoe
c,a,n,o,n,canon
c,a,p,e,r,caper
c,a,p,u,t,caput
c,a,r,a,t,carat
c,a,r,g,o,cargo
c,a,r,o,l,carol
c,a,r,r,y,carry
c,a,r,v,e,carve
c,a,s,t,e,caste
c,a,t,c,h,catch
c,a,t,e,r,cater
c,a,t,t,y,catty
c,a,u,l,k,caulk
c,a,u,s,e,cause
c,a,v,i,l,cavil
c,e,a,s,e,cease
c,e,d,a,r,cedar
c,e,l,l,o,cello
c,h,a,f,e,chafe
c,h,a,f,f,chaff
c,h,a,i,n,chain
c,h,a,i,r,chair
c,h,a,l,k,chalk
c,h,a,m,p,champ
c,h,a,n,t,chant
c,h,a,o,s,chaos
c,h,a,r,d,chard
c,h,a,r,m,charm
c,h,a,r,t,chart
c,h,a,s,e,chase
c,h,a,s,m,chasm
c,h,e,a,p,cheap
c,h,e,a,t,cheat
c,h,e,c,k,check
c,h,e,e,k,cheek
c,h,e,e,r,cheer
c,h,e,s,s,chess
c,h,e,s,t,chest
c,h,i,c,k,chick
c,h,i,d,e,chide
c,h,i,e,f,chief
c,h,i,l,d,child
c,h,i,l,i,chili
c,h,i,l,l,chill
c,h,i,m,e,chime
c,h,i,n,a,china
c,h,i,r,p,chirp
c,h,o,c,k,chock
c,h,o,i,r,choir
c,h,o,k,e,choke
c,h,o,r,d,chord
c,h,o,r,e,chore
c,h,o,s,e,chose
c,h,u,c,k,chuck
c,h,u,m,p,chump
c,h,u,n,k,chunk
c,h,u,r,n,churn
c,h,u,t,e,chute
c,i,d,e,r,cider
c,i,g,a,r,cigar
c,i,n,c,h,cinch
c,i,r,c,a,circa
c,i,v,i,c,civic
c,i,v,i,l,civil
c,l,a,c,k,clack
c,l,a,i,m,claim
c,l,a,m,p,clamp
c,l,a,n,g,clang
c,l,a,n,k,clank
c,l,a,s,h,clash
c,l,a,s,p,clasp
c,l,a,s,s,class
c,l,e,a,n,clean
c,l,e,a,r,clear
c,l,e,a,t,cleat
c,l,e,f,t,cleft
c,l,e,r,k,clerk
c,l,i,c,k,click
c,l,i,f,f,cliff
c,l,i,m,b,climb
c,l,i,n,g,cling
c,l,i,n,k,clink
c,l,o,a,k,cloak
c,l,o,c,k,clock
c,l,o,n,e,clone
c,l,o,s,e,close
c,l,o,t,h,cloth
c,l,o,u,d,cloud
c,l,o,u,t,clout
c,l,o,v,e,clove
c,l,o,w,n,clown
c,l,u,c,k,cluck
c,l,u,e,d,clued
c,l,u,m,p,clump
c,l,u,n,g,clung
c,o,a,c,h,coach
c,o,a,s,t,coast
c,o,b,r,a,cobra
c,o,c,o,a,cocoa
c,o,l,o,n,colon
c,o,l,o,r,color
c,o,m,e,t,comet
c,o,m,f,y,comfy
c,o,m,i,c,comic
c,o,m,m,a,comma
c,o,n,c,h,conch
c,o,n,d,o,condo
c,o,n,i,c,conic
c,o,p,s,e,copse
c,o,r,a,l,coral
c,o,r,e,r,corer
c,o,r,n,y,corny
c,o,u,c,h,couch
c,o,u,g,h,cough
c,o,u,l,d,could
c,o,u,n,t,count
c,o,u,p,e,coupe
c,o,u,r,t,court
c,o,v,e,n,coven
c,o,v,e,r,cover
c,o,v,e,t,covet
c,o,v,e,y,covey
c,o,w,e,r,cower
c,o,y,l,y,coyly
c,r,a,c,k,crack
c,r,a,f,t,craft
c,r,a,m,p,cramp
c,r,a,n,e,crane
c,r,a,n,k,crank
c,r,a,s,h,crash
c,r,a,s,s,crass
c,r,a,t,e,crate
c,r,a,v,e,crave
c,r,a,w,l,crawl
c,r,a,z,e,craze
c,r,a,z,y,crazy
c,r,e,a,k,creak
c,r,e,a,m,cream
c,r,e,d,o,credo
c,r,e,e,d,creed
c,r,e,e,k,creek
c,r,e,e,p,creep
c,r,e,m,e,creme
c,r,e,p,e,crepe
c,r,e,p,t,crept
c,r,e,s,s,cress
c,r,e,s,t,crest
c,r,i,c,k,crick
c,r,i,e,d,cried
c,r,i,e,r,crier
c,r,i,m,e,crime
c,r,i,m,p,crimp
c,r,i,s,p,crisp
c,r,o,a,k,croak
c,r,o,c,k,crock
c,r,o,n,e,crone
c,r,o,n,y,crony
c,r,o,o,k,crook
c,r,o,s,s,cross
c,r,o,u,p,croup
c,r,o,w,d,crowd
c,r,o,w,n,crown
c,r,u,d,e,crude
c,r,u,e,l,cruel
c,r,u,m,b,crumb
c,r,u,m,p,crump
c,r,u,s,h,crush
c,r,u,s,t,crust
c,r,y,p,t,crypt
c,u,b,i,c,cubic
c,u,m,i,n,cumin
c,u,r,i,o,curio
c,u,r,l,y,curly
c,u,r,r,y,curry
c,u,r,s,e,curse
c,u,r,v,e,curve
c,u,r,v,y,curvy
c,u,t,i,e,cutie
c,y,b,e,r,cyber
c,y,c,l,e,cycle
c,y,n,i,c,cynic
d,a,d,d,y,daddy
d,a,i,l,y,daily
d,a,i,r,y,dairy
d,a,i,s,y,daisy
d,a,l,l,y,dally
d,a,n,c,e,dance
d,a,n,d,y,dandy
d,a,t,u,m,datum
d,a,u,n,t,daunt
d,e,a,l,t,dealt
d,e,a,t,h,death
d,e,b,a,r,debar
d,e,b,i,t,debit
d,e,b,u,g,debug
d,e,b,u,t,debut
d,e,c,a,l,decal
d,e,c,a,y,decay
d,e,c,o,r,decor
d,e,c,o,y,decoy
d,e,c,r,y,decry
d,e,f,e,r,defer
d,e,i,g,n,deign
d,e,i,t,y,deity
d,e,l,a,y,delay
d,e,l,t,a,delta
d,e,l,v,e,delve
d,e,m,o,n,demon
d,e,m,u,r,demur
d,e,n,i,m,denim
d,e,n,s,e,dense
d,e,p,o,t,depot
d,e,p,t,h,depth
d,e,r,b,y,derby
d,e,t,e,r,deter
d,e,t,o,x,detox
d,e,u,c,e,deuce
d,e,v,i,l,devil
d,i,a,r,y,diary
d,i,c,e,y,dicey
d,i,g,i,t,digit
d,i,l,l,y,dilly
d,i,m,l,y,dimly
d,i,n,e,r,diner
d,i,n,g,o,dingo
d,i,n,g,y,dingy
d,i,o,d,e,diode
d,i,r,g,e,dirge
d,i,r,t,y,dirty
d,i,s,c,o,disco
d,i,t,c,h,ditch
d,i,t,t,o,ditto
d,i,t,t,y,ditty
d,i,v,e,r,diver
d,i,z,z,y,dizzy
d,o,d,g,e,dodge
d,o,d,g,y,dodgy
d,o,g,m,a,dogma
d,o,i,n,g,doing
d,o,l,l,y,dolly
d,o,n,o,r,donor
d,o,n,u,t,donut
d,o,p,e,y,dopey
d,o,u,b,t,doubt
d,o,u,g,h,dough
d,o,w,d,y,dowdy
d,o,w,e,l,dowel
d,o,w,n,y,downy
d,o,w,r,y,dowry
d,o,z,e,n,dozen
d,r,a,f,t,draft
d,r,a,i,n,drain
d,r,a,k,e,drake
d,r,a,m,a,drama
d,r,a,n,k,drank
d,r,a,p,e,drape
d,r,a,w,l,drawl
d,r,a,w,n,drawn
d,r,e,a,d,dread
d,r,e,a,m,dream
d,r,e,s,s,dress
d,r,i,e,d,dried
d,r,i,e,r,drier
d,r,i,f,t,drift
d,r,i,l,l,drill
d,r,i,n,k,drink
d,r,i,v,e,drive
d,r,o,i,t,droit
d,r,o,l,l,droll
d,r,o,n,e,drone
d,r,o,o,l,drool
d,r,o,o,p,droop
d,r,o,s,s,dross
d,r,o,v,e,drove
d,r,o,w,n,drown
d,r,u,i,d,druid
d,r,u,n,k,drunk
d,r,y,e,r,dryer
d,r,y,l,y,dryly
d,u,c,h,y,duchy
d,u,l,l,y,dully
d,u,m,m,y,dummy
d,u,m,p,y,dumpy
d,u,n,c,e,dunce
d,u,s,k,y,dusky
d,u,s,t,y,dusty
d,u,t,c,h,dutch
d,u,v,e,t,duvet
d,w,a,r,f,dwarf
d,w,e,l,l,dwell
d,w,e,l,t,dwelt
d,y,i,n,g,dying
e,a,g,e,r,eager
e,a,g,l,e,eagle
e,a,r,l,y,early
e,a,r,t,h,earth
e,a,s,e,l,easel
e,a,t,e,n,eaten
e,a,t,e,r,eater
e,b,o,n,y,ebony
e,c,l,a,t,eclat
e,d,i,c,t,edict
e,d,i,f,y,edify
e,e,r,i,e,eerie
e,g,r,e,t,egret
e,i,g,h,t,eight
e,j,e,c,t,eject
e,k,i,n,g,eking
e,l,a,t,e,elate
e,l,b,o,w,elbow
e,l,d,e,r,elder
e,l,e,c,t,elect
e,l,e,g,y,elegy
e,l,f,i,n,elfin
e,l,i,d,e,elide
e,l,i,t,e,elite
e,l,o,p,e,elope
e,l,u,d,e,elude
e,m,a,i,l,email
e,m,b,e,d,embed
e,m,b,e,r,ember
e,m,c,e,e,emcee
e,m,p,t,y,empty
e,n,a,c,t,enact
e,n,d,o,w,endow
e,n,e,m,a,enema
e,n,e,m,y,enemy
e,n,j,o,y,enjoy
e,n,n,u,i,ennui
e,n,s,u,e,ensue
e,n,t,e,r,enter
e,n,t,r,y,entry
e,n,v,o,y,envoy
e,p,o,c,h,epoch
e,p,o,x,y,epoxy
e,q,u,a,l,equal
e,q,u,i,p,equip
e,r,a,s,e,erase
e,r,e,c,t,erect
e,r,o,d,e,erode
e,r,r,o,r,error
e,r,u,p,t,erupt
e,s,s,a,y,essay
e,s,t,e,r,ester
e,t,h,e,r,ether
e,t,h,i,c,ethic
e,t,h,o,s,ethos
e,t,u,d,e,etude
e,v,a,d,e,evade
e,v,e,n,t,event
e,v,e,r,y,every
e,v,i,c,t,evict
e,v,o,k,e,evoke
e,x,a,c,t,exact
e,x,a,l,t,exalt
e,x,c,e,l,excel
e,x,e,r,t,exert
e,x,i,l,e,exile
e,x,i,s,t,exist
e,x,p,e,l,expel
e,x,t,o,l,extol
e,x,t,r,a,extra
e,x,u,l,t,exult
e,y,i,n,g,eying
f,a,b,l,e,fable
f,a,c,e,t,facet
f,a,i,n,t,faint
f,a,i,r,y,fairy
f,a,i,t,h,faith
f,a,l,s,e,false
f,a,n,c,y,fancy
f,a,n,n,y,fanny
f,a,r,c,e,farce
f,a,t,a,l,fatal
f,a,t,t,y,fatty
f,a,u,l,t,fault
f,a,u,n,a,fauna
f,a,v,o,r,favor
f,e,a,s,t,feast
f,e,c,a,l,fecal
f,e,i,g,n,feign
f,e,l,l,a,fella
f,e,l,o,n,felon
f,e,m,m,e,femme
f,e,m,u,r,femur
f,e,n,c,e,fence
f,e,r,a,l,feral
f,e,r,r,y,ferry
f,e,t,a,l,fetal
f,e,t,c,h,fetch
f,e,t,i,d,fetid
f,e,t,u,s,fetus
f,e,v,e,r,fever
f,e,w,e,r,fewer
f,i,b,e,r,fiber
f,i,c,u,s,ficus
f,i,e,l,d,field
f,i,e,n,d,fiend
f,i,e,r,y,fiery
f,i,f,t,h,fifth
f,i,f,t,y,fifty
f,i,g,h,t,fight
f,i,l,e,r,filer
f,i,l,e,t,filet
f,i,l,l,y,filly
f,i,l,m,y,filmy
f,i,l,t,h,filth
f,i,n,a,l,final
f,i,n,c,h,finch
f,i,n,e,r,finer
f,i,r,s,t,first
f,i,s,h,y,fishy
f,i,x,e,r,fixer
f,i,z,z,y,fizzy
f,j,o,r,d,fjord
f,l,a,c,k,flack
f,l,a,i,l,flail
f,l,a,i,r,flair
f,l,a,k,e,flake
f,l,a,k,y,flaky
f,l,a,m,e,flame
f,l,a,n,k,flank
f,l,a,r,e,flare
f,l,a,s,h,flash
f,l,a,s,k,flask
f,l,e,c,k,fleck
f,l,e,e,t,fleet
f,l,e,s,h,flesh
f,l,i,c,k,flick
f,l,i,e,r,flier
f,l,i,n,g,fling
f,l,i,n,t,flint
f,l,i,r,t,flirt
f,l,o,a,t,float
f,l,o,c,k,flock
f,l,o,o,d,flood
f,l,o,o,r,floor
f,l,o,r,a,flora
f,l,o,s,s,floss
f,l,o,u,r,flour
f,l,o,u,t,flout
f,l,o,w,n,flown
f,l,u,f,f,fluff
f,l,u,i,d,fluid
f,l,u,k,e,fluke
f,l,u,m,e,flume
f,l,u,n,g,flung
f,l,u,n,k,flunk
f,l,u,s,h,flush
f,l,u,t,e,flute
f,l,y,e,r,flyer
f,o,a,m,y,foamy
f,o,c,a,l,focal
f,o,c,u,s,focus
f,o,g,g,y,foggy
f,o,i,s,t,foist
f,o,l,i,o,folio
f,o,l,l,y,folly
f,o,r,a,y,foray
f,o,r,c,e,force
f,o,r,g,e,forge
f,o,r,g,o,forgo
f,o,r,t,e,forte
f,o,r,t,h,forth
f,o,r,t,y,forty
f,o,r,u,m,forum
f,o,u,n,d,found
f,o,y,e,r,foyer
f,r,a,i,l,frail
f,r,a,m,e,frame
f,r,a,n,k,frank
f,r,a,u,d,fraud
f,r,e,a,k,freak
f,r,e,e,d,freed
f,r,e,e,r,freer
f,r,e,s,h,fresh
f,r,i,a,r,friar
f,r,i,e,d,fried
f,r,i,l,l,frill
f,r,i,s,k,frisk
f,r,i,t,z,fritz
f,r,o,c,k,frock
f,r,o,n,d,frond
f,r,o,n,t,front
f,r,o,s,t,frost
f,r,o,t,h,froth
f,r,o,w,n,frown
f,r,o,z,e,froze
f,r,u,i,t,fruit
f,u,d,g,e,fudge
f,u,g,u,e,fugue
f,u,l,l,y,fully
f,u,n,g,i,fungi
f,u,n,k,y,funky
f,u,n,n,y,funny
f,u,r,o,r,furor
f,u,r,r,y,furry
f,u,s,s,y,fussy
f,u,z,z,y,fuzzy
g,a,f,f,e,gaffe
g,a,i,l,y,gaily
g,a,m,e,r,gamer
g,a,m,m,a,gamma
g,a,m,u,t,gamut
g,a,s,s,y,gassy
g,a,u,d,y,gaudy
g,a,u,g,e,gauge
g,a,u,n,t,gaunt
g,a,u,z,e,gauze
g,a,v,e,l,gavel
g,a,w,k,y,gawky
g,a,y,e,r,gayer
g,a,y,l,y,gayly
g,a,z,e,r,gazer
g,e,c,k,o,gecko
g,e,e,k,y,geeky
g,e,e,s,e,geese
g,e,n,i,e,genie
g,e,n,r,e,genre
g,h,o,s,t,ghost
g,h,o,u,l,ghoul
g,i,a,n,t,giant
g,i,d,d,y,giddy
g,i,p,s,y,gipsy
g,i,r,l,y,girly
g,i,r,t,h,girth
g,i,v,e,n,given
g,i,v,e,r,giver
g,l,a,d,e,glade
g,l,a,n,d,gland
g,l,a,r,e,glare
g,l,a,s,s,glass
g,l,a,z,e,glaze
g,l,e,a,m,gleam
g,l,e,a,n,glean
g,l,i,d,e,glide
g,l,i,n,t,glint
g,l,o,a,t,gloat
g,l,o,b,e,globe
g,l,o,o,m,gloom
g,l,o,r,y,glory
g,l,o,s,s,gloss
g,l,o,v,e,glove
g,l,y,p,h,glyph
g,n,a,s,h,gnash
g,n,o,m,e,gnome
g,o,d,l,y,godly
g,o,i,n,g,going
g,o,l,e,m,golem
g,o,l,l,y,golly
g,o,n,a,d,gonad
g,o,n,e,r,goner
g,o,o,d,y,goody
g,o,o,e,y,gooey
g,o,o,f,y,goofy
g,o,o,s,e,goose
g,o,r,g,e,gorge
g,o,u,g,e,gouge
g,o,u,r,d,gourd
g,r,a,c,e,grace
g,r,a,d,e,grade
g,r,a,f,t,graft
g,r,a,i,l,grail
g,r,a,i,n,grain
g,r,a,n,d,grand
g,r,a,n,t,grant
g,r,a,p,e,grape
g,r,a,p,h,graph
g,r,a,s,p,grasp
g,r,a,s,s,grass
g,r,a,t,e,grate
g,r,a,v,e,grave
g,r,a,v,y,gravy
g,r,a,z,e,graze
g,r,e,a,t,great
g,r,e,e,d,greed
g,r,e,e,n,green
g,r,e,e,t,greet
g,r,i,e,f,grief
g,r,i,l,l,grill
g,r,i,m,e,grime
g,r,i,m,y,grimy
g,r,i,n,d,grind
g,r,i,p,e,gripe
g,r,o,a,n,groan
g,r,o,i,n,groin
g,r,o,o,m,groom
g,r,o,p,e,grope
g,r,o,s,s,gross
g,r,o,u,p,group
g,r,o,u,t,grout
g,r,o,v,e,grove
g,r,o,w,l,growl
g,r,o,w,n,grown
g,r,u,e,l,gruel
g,r,u,f,f,gruff
g,r,u,n,t,grunt
g,u,a,r,d,guard
g,u,a,v,a,guava
g,u,e,s,s,guess
g,u,e,s,t,guest
g,u,i,d,e,guide
g,u,i,l,d,guild
g,u,i,l,e,guile
g,u,i,l,t,guilt
g,u,i,s,e,guise
g,u,l,c,h,gulch
g,u,l,l,y,gully
g,u,m,b,o,gumbo
g,u,m,m,y,gummy
g,u,p,p,y,guppy
g,u,s,t,o,gusto
g,u,s,t,y,gusty
g,y,p,s,y,gypsy
h,a,b,i,t,habit
h,a,i,r,y,hairy
h,a,l,v,e,halve
h,a,n,d,y,handy
h,a,p,p,y,happy
h,a,r,d,y,hardy
h,a,r,e,m,harem
h,a,r,p,y,harpy
h,a,r,r,y,harry
h,a,r,s,h,harsh
h,a,s,t,e,haste
h,a,s,t,y,hasty
h,a,t,c,h,hatch
h,a,t,e,r,hater
h,a,u,n,t,haunt
h,a,u,t,e,haute
h,a,v,e,n,haven
h,a,v,o,c,havoc
h,a,z,e,l,hazel
h,e,a,d,y,heady
h,e,a,r,d,heard
h,e,a,r,t,heart
h,e,a,t,h,heath
h,e,a,v,e,heave
h,e,a,v,y,heavy
h,e,d,g,e,hedge
h,e,f,t,y,hefty
h,e,i,s,t,heist
h,e,l,i,x,helix
h,e,l,l,o,hello
h,e,n,c,e,hence
h,e,r,o,n,heron
h,i,l,l,y,hilly
h,i,n,g,e,hinge
h,i,p,p,o,hippo
h,i,p,p,y,hippy
h,i,t,c,h,hitch
h,o,a,r,d,hoard
h,o,b,b,y,hobby
h,o,i,s,t,hoist
h,o,l,l,y,holly
h,o,m,e,r,homer
h,o,n,e,y,honey
h,o,n,o,r,honor
h,o,r,d,e,horde
h,o,r,n,y,horny
h,o,r,s,e,horse
h,o,t,e,l,hotel
h,o,t,l,y,hotly
h,o,u,n,d,hound
h,o,u,s,e,house
h,o,v,e,l,hovel
h,o,v,e,r,hover
h,o,w,d,y,howdy
h,u,m,a,n,human
h,u,m,i,d,humid
h,u,m,o,r,humor
h,u,m,p,h,humph
h,u,m,u,s,humus
h,u,n,c,h,hunch
h,u,n,k,y,hunky
h,u,r,r,y,hurry
h,u,s,k,y,husky
h,u,s,s,y,hussy
h,u,t,c,h,hutch
h,y,d,r,o,hydro
h,y,e,n,a,hyena
h,y,m,e,n,hymen
h,y,p,e,r,hyper
i,c,i,l,y,icily
i,c,i,n,g,icing
i,d,e,a,l,ideal
i,d,i,o,m,idiom
i,d,i,o,t,idiot
i,d,l,e,r,idler
i,d,y,l,l,idyll
i,g,l,o,o,igloo
i,l,i,a,c,iliac
i,m,a,g,e,image
i,m,b,u,e,imbue
i,m,p,e,l,impel
i,m,p,l,y,imply
i,n,a,n,e,inane
i,n,b,o,x,inbox
i,n,c,u,r,incur
i,n,d,e,x,index
i,n,e,p,t,inept
i,n,e,r,t,inert
i,n,f,e,r,infer
i,n,g,o,t,ingot
i,n,l,a,y,inlay
i,n,l,e,t,inlet
i,n,n,e,r,inner
i,n,p,u,t,input
i,n,t,e,r,inter
i,n,t,r,o,intro
i,o,n,i,c,ionic
i,r,a,t,e,irate
i,r,o,n,y,irony
i,s,l,e,t,islet
i,s,s,u,e,issue
i,t,c,h,y,itchy
i,v,o,r,y,ivory
j,a,u,n,t,jaunt
j,a,z,z,y,jazzy
j,e,l,l,y,jelly
j,e,r,k,y,jerky
j,e,t,t,y,jetty
j,e,w,e,l,jewel
j,i,f,f,y,jiffy
j,o,i,n,t,joint
j,o,i,s,t,joist
j,o,k,e,r,joker
j,o,l,l,y,jolly
j,o,u,s,t,joust
j,u,d,g,e,judge
j,u,i,c,e,juice
j,u,i,c,y,juicy
j,u,m,b,o,jumbo
j,u,m,p,y,jumpy
j,u,n,t,a,junta
j,u,n,t,o,junto
j,u,r,o,r,juror
k,a,p,p,a,kappa
k,a,r,m,a,karma
k,a,y,a,k,kayak
k,e,b,a,b,kebab
k,h,a,k,i,khaki
k,i,n,k,y,kinky
k,i,o,s,k,kiosk
k,i,t,t,y,kitty
k,n,a,c,k,knack
k,n,a,v,e,knave
k,n,e,a,d,knead
k,n,e,e,d,kneed
k,n,e,e,l,kneel
k,n,e,l,t,knelt
k,n,i,f,e,knife
k,n,o,c,k,knock
k,n,o,l,l,knoll
k,n,o,w,n,known
k,o,a,l,a,koala
k,r,i,l,l,krill
l,a,b,e,l,label
l,a,b,o,r,labor
l,a,d,e,n,laden
l,a,d,l,e,ladle
l,a,g,e,r,lager
l,a,n,c,e,lance
l,a,n,k,y,lanky
l,a,p,e,l,lapel
l,a,p,s,e,lapse
l,a,r,g,e,large
l,a,r,v,a,larva
l,a,s,s,o,lasso
l,a,t,c,h,latch
l,a,t,e,r,later
l,a,t,h,e,lathe
l,a,t,t,e,latte
l,a,u,g,h,laugh
l,a,y,e,r,layer
l,e,a,c,h,leach
l,e,a,f,y,leafy
l,e,a,k,y,leaky
l,e,a,n,t,leant
l,e,a,p,t,leapt
l,e,a,r,n,learn
l,e,a,s,e,lease
l,e,a,s,h,leash
l,e,a,s,t,least
l,e,a,v,e,leave
l,e,d,g,e,ledge
l,e,e,c,h,leech
l,e,e,r,y,leery
l,e,f,t,y,lefty
l,e,g,a,l,legal
l,e,g,g,y,leggy
l,e,m,o,n,lemon
l,e,m,u,r,lemur
l,e,p,e,r,leper
l,e,v,e,l,level
l,e,v,e,r,lever
l,i,b,e,l,libel
l,i,e,g,e,liege
l,i,g,h,t,light
l,i,k,e,n,liken
l,i,l,a,c,lilac
l,i,m,b,o,limbo
l,i,m,i,t,limit
l,i,n,e,n,linen
l,i,n,e,r,liner
l,i,n,g,o,lingo
l,i,p,i,d,lipid
l,i,t,h,e,lithe
l,i,v,e,r,liver
l,i,v,i,d,livid
l,l,a,m,a,llama
l,o,a,m,y,loamy
l,o,a,t,h,loath
l,o,b,b,y,lobby
l,o,c,a,l,local
l,o,c,u,s,locus
l,o,d,g,e,lodge
l,o,f,t,y,lofty
l,o,g,i,c,logic
l,o,g,i,n,login
l,o,o,p,y,loopy
l,o,o,s,e,loose
l,o,r,r,y,lorry
l,o,s,e,r,loser
l,o,u,s,e,louse
l,o,u,s,y,lousy
l,o,v,e,r,lover
l,o,w,e,r,lower
l,o,w,l,y,lowly
l,o,y,a,l,loyal
l,u,c,i,d,lucid
l,u,c,k,y,lucky
l,u,m,e,n,lumen
l,u,m,p,y,lumpy
l,u,n,a,r,lunar
l,u,n,c,h,lunch
l,u,n,g,e,lunge
l,u,p,u,s,lupus
l,u,r,c,h,lurch
l,u,r,i,d,lurid
l,u,s,t,y,lusty
l,y,i,n,g,lying
l,y,m,p,h,lymph
l,y,r,i,c,lyric
m,a,c,a,w,macaw
m,a,c,h,o,macho
m,a,c,r,o,macro
m,a,d,a,m,madam
m,a,d,l,y,madly
m,a,f,i,a,mafia
m,a,g,i,c,magic
m,a,g,m,a,magma
m,a,i,z,e,maize
m,a,j,o,r,major
m,a,k,e,r,maker
m,a,m,b,o,mambo
m,a,m,m,a,mamma
m,a,m,m,y,mammy
m,a,n,g,a,manga
m,a,n,g,e,mange
m,a,n,g,o,mango
m,a,n,g,y,mangy
m,a,n,i,a,mania
m,a,n,i,c,manic
m,a,n,l,y,manly
m,a,n,o,r,manor
m,a,p,l,e,maple
m,a,r,c,h,march
m,a,r,r,y,marry
m,a,r,s,h,marsh
m,a,s,o,n,mason
m,a,s,s,e,masse
m,a,t,c,h,match
m,a,t,e,y,matey
m,a,u,v,e,mauve
m,a,x,i,m,maxim
m,a,y,b,e,maybe
m,a,y,o,r,mayor
m,e,a,l,y,mealy
m,e,a,n,t,meant
m,e,a,t,y,meaty
m,e,c,c,a,mecca
m,e,d,a,l,medal
m,e,d,i,a,media
m,e,d,i,c,medic
m,e,l,e,e,melee
m,e,l,o,n,melon
m,e,r,c,y,mercy
m,e,r,g,e,merge
m,e,r,i,t,merit
m,e,r,r,y,merry
m,e,t,a,l,metal
m,e,t,e,r,meter
m,e,t,r,o,metro
m,i,c,r,o,micro
m,i,d,g,e,midge
m,i,d,s,t,midst
m,i,g,h,t,might
m,i,l,k,y,milky
m,i,m,i,c,mimic
m,i,n,c,e,mince
m,i,n,e,r,miner
m,i,n,i,m,minim
m,i,n,o,r,minor
m,i,n,t,y,minty
m,i,n,u,s,minus
m,i,r,t,h,mirth
m,i,s,e,r,miser
m,i,s,s,y,missy
m,o,c,h,a,mocha
m,o,d,a,l,modal
m,o,d,e,l,model
m,o,d,e,m,modem
m,o,g,u,l,mogul
m,o,i,s,t,moist
m,o,l,a,r,molar
m,o,l,d,y,moldy
m,o,n,e,y,money
m,o,n,t,h,month
m,o,o,d,y,moody
m,o,o,s,e,moose
m,o,r,a,l,moral
m,o,r,o,n,moron
m,o,r,p,h,morph
m,o,s,s,y,mossy
m,o,t,e,l,motel
m,o,t,i,f,motif
m,o,t,o,r,motor
m,o,t,t,o,motto
m,o,u,l,t,moult
m,o,u,n,d,mound
m,o,u,n,t,mount
m,o,u,r,n,mourn
m,o,u,s,e,mouse
m,o,u,t,h,mouth
m,o,v,e,r,mover
m,o,v,i,e,movie
m,o,w,e,r,mower
m,u,c,k,y,mucky
m,u,c,u,s,mucus
m,u,d,d,y,muddy
m,u,l,c,h,mulch
m,u,m,m,y,mummy
m,u,n,c,h,munch
m,u,r,a,l,mural
m,u,r,k,y,murky
m,u,s,h,y,mushy
m,u,s,i,c,music
m,u,s,k,y,musky
m,u,s,t,y,musty
m,y,r,r,h,myrrh
n,a,d,i,r,nadir
n,a,i,v,e,naive
n,a,n,n,y,nanny
n,a,s,a,l,nasal
n,a,s,t,y,nasty
n,a,t,a,l,natal
n,a,v,a,l,naval
n,a,v,e,l,navel
n,e,e,d,y,needy
n,e,i,g,h,neigh
n,e,r,d,y,nerdy
n,e,r,v,e,nerve
n,e,v,e,r,never
n,e,w,e,r,newer
n,e,w,l,y,newly
n,i,c,e,r,nicer
n,i,c,h,e,niche
n,i,e,c,e,niece
n,i,g,h,t,night
n,i,n,j,a,ninja
n,i,n,n,y,ninny
n,i,n,t,h,ninth
n,o,b,l,e,noble
n,o,b,l,y,nobly
n,o,i,s,e,noise
n,o,i,s,y,noisy
n,o,m,a,d,nomad
n,o,o,s,e,noose
n,o,r,t,h,north
n,o,s,e,y,nosey
n,o,t,c,h,notch
n,o,v,e,l,novel
n,u,d,g,e,nudge
n,u,r,s,e,nurse
n,u,t,t,y,nutty
n,y,l,o,n,nylon
n,y,m,p,h,nymph
o,a,k,e,n,oaken
o,b,e,s,e,obese
o,c,c,u,r,occur
o,c,e,a,n,ocean
o,c,t,a,l,octal
o,c,t,e,t,octet
o,d,d,e,r,odder
o,d,d,l,y,oddly
o,f,f,a,l,offal
o,f,f,e,r,offer
o,f,t,e,n,often
o,l,d,e,n,olden
o,l,d,e,r,older
o,l,i,v,e,olive
o,m,b,r,e,ombre
o,m,e,g,a,omega
o,n,i,o,n,onion
o,n,s,e,t,onset
o,p,e,r,a,opera
o,p,i,n,e,opine
o,p,i,u,m,opium
o,p,t,i,c,optic
o,r,b,i,t,orbit
o,r,d,e,r,order
o,r,g,a,n,organ
o,t,h,e,r,other
o,t,t,e,r,otter
o,u,g,h,t,ought
o,u,n,c,e,ounce
o,u,t,d,o,outdo
o,u,t,e,r,outer
o,u,t,g,o,outgo
o,v,a,r,y,ovary
o,v,a,t,e,ovate
o,v,e,r,t,overt
o,v,i,n,e,ovine
o,v,o,i,d,ovoid
o,w,i,n,g,owing
o,w,n,e,r,owner
o,x,i,d,e,oxide
o,z,o,n,e,ozone
p,a,d,d,y,paddy
p,a,g,a,n,pagan
p,a,i,n,t,paint
p,a,l,e,r,paler
p,a,l,s,y,palsy
p,a,n,e,l,panel
p,a,n,i,c,panic
p,a,n,s,y,pansy
p,a,p,a,l,papal
p,a,p,e,r,paper
p,a,r,e,r,parer
p,a,r,k,a,parka
p,a,r,r,y,parry
p,a,r,s,e,parse
p,a,r,t,y,party
p,a,s,t,a,pasta
p,a,s,t,e,paste
p,a,s,t,y,pasty
p,a,t,c,h,patch
p,a,t,i,o,patio
p,a,t,s,y,patsy
p,a,t,t,y,patty
p,a,u,s,e,pause
p,a,y,e,e,payee
p,a,y,e,r,payer
p,e,a,c,e,peace
p,e,a,c,h,peach
p,e,a,r,l,pearl
p,e,c,a,n,pecan
p,e,d,a,l,pedal
p,e,n,a,l,penal
p,e,n,c,e,pence
p,e,n,n,e,penne
p,e,n,n,y,penny
p,e,r,c,h,perch
p,e,r,i,l,peril
p,e,r,k,y,perky
p,e,s,k,y,pesky
p,e,s,t,o,pesto
p,e,t,a,l,petal
p,e,t,t,y,petty
p,h,a,s,e,phase
p,h,o,n,e,phone
p,h,o,n,y,phony
p,h,o,t,o,photo
p,i,a,n,o,piano
p,i,c,k,y,picky
p,i,e,c,e,piece
p,i,e,t,y,piety
p,i,g,g,y,piggy
p,i,l,o,t,pilot
p,i,n,c,h,pinch
p,i,n,e,y,piney
p,i,n,k,y,pinky
p,i,n,t,o,pinto
p,i,p,e,r,piper
p,i,q,u,e,pique
p,i,t,c,h,pitch
p,i,t,h,y,pithy
p,i,v,o,t,pivot
p,i,x,e,l,pixel
p,i,x,i,e,pixie
p,i,z,z,a,pizza
p,l,a,c,e,place
p,l,a,i,d,plaid
p,l,a,i,n,plain
p,l,a,i,t,plait
p,l,a,n,e,plane
p,l,a,n,k,plank
p,l,a,n,t,plant
p,l,a,t,e,plate
p,l,a,z,a,plaza
p,l,e,a,d,plead
p,l,e,a,t,pleat
p,l,i,e,d,plied
p,l,i,e,r,plier
p,l,u,c,k,pluck
p,l,u,m,b,plumb
p,l,u,m,e,plume
p,l,u,m,p,plump
p,l,u,n,k,plunk
p,l,u,s,h,plush
p,o,e,s,y,poesy
p,o,i,n,t,point
p,o,i,s,e,poise
p,o,k,e,r,poker
p,o,l,a,r,polar
p,o,l,k,a,polka
p,o,l,y,p,polyp
p,o,o,c,h,pooch
p,o,p,p,y,poppy
p,o,r,c,h,porch
p,o,s,e,r,poser
p,o,s,i,t,posit
p,o,s,s,e,posse
p,o,u,c,h,pouch
p,o,u,n,d,pound
p,o,u,t,y,pouty
p,o,w,e,r,power
p,r,a,n,k,prank
p,r,a,w,n,prawn
p,r,e,e,n,preen
p,r,e,s,s,press
p,r,i,c,e,price
p,r,i,c,k,prick
p,r,i,d,e,pride
p,r,i,e,d,pried
p,r,i,m,e,prime
p,r,i,m,o,primo
p,r,i,n,t,print
p,r,i,o,r,prior
p,r,i,s,m,prism
p,r,i,v,y,privy
p,r,i,z,e,prize
p,r,o,b,e,probe
p,r,o,n,e,prone
p,r,o,n,g,prong
p,r,o,o,f,proof
p,r,o,s,e,prose
p,r,o,u,d,proud
p,r,o,v,e,prove
p,r,o,w,l,prowl
p,r,o,x,y,proxy
p,r,u,d,e,prude
p,r,u,n,e,prune
p,s,a,l,m,psalm
p,u,b,i,c,pubic
p,u,d,g,y,pudgy
p,u,f,f,y,puffy
p,u,l,p,y,pulpy
p,u,l,s,e,pulse
p,u,n,c,h,punch
p,u,p,i,l,pupil
p,u,p,p,y,puppy
p,u,r,e,e,puree
p,u,r,e,r,purer
p,u,r,g,e,purge
p,u,r,s,e,purse
p,u,s,h,y,pushy
p,u,t,t,y,putty
p,y,g,m,y,pygmy
q,u,a,c,k,quack
q,u,a,i,l,quail
q,u,a,k,e,quake
q,u,a,l,m,qualm
q,u,a,r,k,quark
q,u,a,r,t,quart
q,u,a,s,h,quash
q,u,a,s,i,quasi
q,u,e,e,n,queen
q,u,e,e,r,queer
q,u,e,l,l,quell
q,u,e,r,y,query
q,u,e,s,t,quest
q,u,e,u,e,queue
q,u,i,c,k,quick
q,u,i,e,t,quiet
q,u,i,l,l,quill
q,u,i,l,t,quilt
q,u,i,r,k,quirk
q,u,i,t,e,quite
q,u,o,t,a,quota
q,u,o,t,e,quote
q,u,o,t,h,quoth
r,a,b,b,i,rabbi
r,a,b,i,d,rabid
r,a,c,e,r,racer
r,a,d,a,r,radar
r,a,d,i,i,radii
r,a,d,i,o,radio
r,a,i,n,y,rainy
r,a,i,s,e,raise
r,a,j,a,h,rajah
r,a,l,l,y,rally
r,a,l,p,h,ralph
r,a,m,e,n,ramen
r,a,n,c,h,ranch
r,a,n,d,y,randy
r,a,n,g,e,range
r,a,p,i,d,rapid
r,a,r,e,r,rarer
r,a,s,p,y,raspy
r,a,t,i,o,ratio
r,a,t,t,y,ratty
r,a,v,e,n,raven
r,a,y,o,n,rayon
r,a,z,o,r,razor
r,e,a,c,h,reach
r,e,a,c,t,react
r,e,a,d,y,ready
r,e,a,l,m,realm
r,e,a,r,m,rearm
r,e,b,a,r,rebar
r,e,b,e,l,rebel
r,e,b,u,s,rebus
r,e,b,u,t,rebut
r,e,c,a,p,recap
r,e,c,u,r,recur
r,e,c,u,t,recut
r,e,e,d,y,reedy
r,e,f,e,r,refer
r,e,f,i,t,refit
r,e,g,a,l,regal
r,e,h,a,b,rehab
r,e,i,g,n,reign
r,e,l,a,x,relax
r,e,l,a,y,relay
r,e,l,i,c,relic
r,e,m,i,t,remit
r,e,n,a,l,renal
r,e,n,e,w,renew
r,e,p,a,y,repay
r,e,p,e,l,repel
r,e,p,l,y,reply
r,e,r,u,n,rerun
r,e,s,e,t,reset
r,e,s,i,n,resin
r,e,t,c,h,retch
r,e,t,r,o,retro
r,e,t,r,y,retry
r,e,u,s,e,reuse
r,e,v,e,l,revel
r,e,v,u,e,revue
r,h,i,n,o,rhino
r,h,y,m,e,rhyme
r,i,d,e,r,rider
r,i,d,g,e,ridge
r,i,f,l,e,rifle
r,i,g,h,t,right
r,i,g,i,d,rigid
r,i,g,o,r,rigor
r,i,n,s,e,rinse
r,i,p,e,n,ripen
r,i,p,e,r,riper
r,i,s,e,n,risen
r,i,s,e,r,riser
r,i,s,k,y,risky
r,i,v,a,l,rival
r,i,v,e,r,river
r,i,v,e,t,rivet
r,o,a,c,h,roach
r,o,a,s,t,roast
r,o,b,i,n,robin
r,o,b,o,t,robot
r,o,c,k,y,rocky
r,o,d,e,o,rodeo
r,o,g,e,r,roger
r,o,g,u,e,rogue
r,o,o,m,y,roomy
r,o,o,s,t,roost
r,o,t,o,r,rotor
r,o,u,g,e,rouge
r,o,u,g,h,rough
r,o,u,n,d,round
r,o,u,s,e,rouse
r,o,u,t,e,route
r,o,v,e,r,rover
r,o,w,d,y,rowdy
r,o,w,e,r,rower
r,o,y,a,l,royal
r,u,d,d,y,ruddy
r,u,d,e,r,ruder
r,u,g,b,y,rugby
r,u,l,e,r,ruler
r,u,m,b,a,rumba
r,u,m,o,r,rumor
r,u,p,e,e,rupee
r,u,r,a,l,rural
r,u,s,t,y,rusty
s,a,d,l,y,sadly
s,a,f,e,r,safer
s,a,i,n,t,saint
s,a,l,a,d,salad
s,a,l,l,y,sally
s,a,l,o,n,salon
s,a,l,s,a,salsa
s,a,l,t,y,salty
s,a,l,v,e,salve
s,a,l,v,o,salvo
s,a,n,d,y,sandy
s,a,n,e,r,saner
s,a,p,p,y,sappy
s,a,s,s,y,sassy
s,a,t,i,n,satin
s,a,t,y,r,satyr
s,a,u,c,e,sauce
s,a,u,c,y,saucy
s,a,u,n,a,sauna
s,a,u,t,e,saute
s,a,v,o,r,savor
s,a,v,o,y,savoy
s,a,v,v,y,savvy
s,c,a,l,d,scald
s,c,a,l,e,scale
s,c,a,l,p,scalp
s,c,a,l,y,scaly
s,c,a,m,p,scamp
s,c,a,n,t,scant
s,c,a,r,e,scare
s,c,a,r,f,scarf
s,c,a,r,y,scary
s,c,e,n,e,scene
s,c,e,n,t,scent
s,c,i,o,n,scion
s,c,o,f,f,scoff
s,c,o,l,d,scold
s,c,o,n,e,scone
s,c,o,o,p,scoop
s,c,o,p,e,scope
s,c,o,r,e,score
s,c,o,r,n,scorn
s,c,o,u,r,scour
s,c,o,u,t,scout
s,c,o,w,l,scowl
s,c,r,a,m,scram
s,c,r,a,p,scrap
s,c,r,e,e,scree
s,c,r,e,w,screw
s,c,r,u,b,scrub
s,c,r,u,m,scrum
s,c,u,b,a,scuba
s,e,d,a,n,sedan
s,e,e,d,y,seedy
s,e,g,u,e,segue
s,e,i,z,e,seize
s,e,m,e,n,semen
s,e,n,s,e,sense
s,e,p,i,a,sepia
s,e,r,i,f,serif
s,e,r,u,m,serum
s,e,r,v,e,serve
s,e,t,u,p,setup
s,e,v,e,n,seven
s,e,v,e,r,sever
s,e,w,e,r,sewer
s,h,a,c,k,shack
s,h,a,d,e,shade
s,h,a,d,y,shady
s,h,a,f,t,shaft
s,h,a,k,e,shake
s,h,a,k,y,shaky
s,h,a,l,e,shale
s,h,a,l,l,shall
s,h,a,l,t,shalt
s,h,a,m,e,shame
s,h,a,n,k,shank
s,h,a,p,e,shape
s,h,a,r,d,shard
s,h,a,r,e,share
s,h,a,r,k,shark
s,h,a,r,p,sharp
s,h,a,v,e,shave
s,h,a,w,l,shawl
s,h,e,a,r,shear
s,h,e,e,n,sheen
s,h,e,e,p,sheep
s,h,e,e,r,sheer
s,h,e,e,t,sheet
s,h,e,i,k,sheik
s,h,e,l,f,shelf
s,h,e,l,l,shell
s,h,i,e,d,shied
s,h,i,f,t,shift
s,h,i,n,e,shine
s,h,i,n,y,shiny
s,h,i,r,e,shire
s,h,i,r,k,shirk
s,h,i,r,t,shirt
s,h,o,a,l,shoal
s,h,o,c,k,shock
s,h,o,n,e,shone
s,h,o,o,k,shook
s,h,o,o,t,shoot
s,h,o,r,e,shore
s,h,o,r,n,shorn
s,h,o,r,t,short
s,h,o,u,t,shout
s,h,o,v,e,shove
s,h,o,w,n,shown
s,h,o,w,y,showy
s,h,r,e,w,shrew
s,h,r,u,b,shrub
s,h,r,u,g,shrug
s,h,u,c,k,shuck
s,h,u,n,t,shunt
s,h,u,s,h,shush
s,h,y,l,y,shyly
s,i,e,g,e,siege
s,i,e,v,e,sieve
s,i,g,h,t,sight
s,i,g,m,a,sigma
s,i,l,k,y,silky
s,i,l,l,y,silly
s,i,n,c,e,since
s,i,n,e,w,sinew
s,i,n,g,e,singe
s,i,r,e,n,siren
s,i,s,s,y,sissy
s,i,x,t,h,sixth
s,i,x,t,y,sixty
s,k,a,t,e,skate
s,k,i,e,r,skier
s,k,i,f,f,skiff
s,k,i,l,l,skill
s,k,i,m,p,skimp
s,k,i,r,t,skirt
s,k,u,l,k,skulk
s,k,u,l,l,skull
s,k,u,n,k,skunk
s,l,a,c,k,slack
s,l,a,i,n,slain
s,l,a,n,g,slang
s,l,a,n,t,slant
s,l,a,s,h,slash
s,l,a,t,e,slate
s,l,e,e,k,sleek
s,l,e,e,p,sleep
s,l,e,e,t,sleet
s,l,e,p,t,slept
s,l,i,c,e,slice
s,l,i,c,k,slick
s,l,i,d,e,slide
s,l,i,m,e,slime
s,l,i,m,y,slimy
s,l,i,n,g,sling
s,l,i,n,k,slink
s,l,o,o,p,sloop
s,l,o,p,e,slope
s,l,o,s,h,slosh
s,l,o,t,h,sloth
s,l,u,m,p,slump
s,l,u,n,g,slung
s,l,u,n,k,slunk
s,l,u,r,p,slurp
s,l,u,s,h,slush
s,l,y,l,y,slyly
s,m,a,c,k,smack
s,m,a,l,l,small
s,m,a,r,t,smart
s,m,a,s,h,smash
s,m,e,a,r,smear
s,m,e,l,l,smell
s,m,e,l,t,smelt
s,m,i,l,e,smile
s,m,i,r,k,smirk
s,m,i,t,e,smite
s,m,i,t,h,smith
s,m,o,c,k,smock
s,m,o,k,e,smoke
s,m,o,k,y,smoky
s,m,o,t,e,smote
s,n,a,c,k,snack
s,n,a,i,l,snail
s,n,a,k,e,snake
s,n,a,k,y,snaky
s,n,a,r,e,snare
s,n,a,r,l,snarl
s,n,e,a,k,sneak
s,n,e,e,r,sneer
s,n,i,d,e,snide
s,n,i,f,f,sniff
s,n,i,p,e,snipe
s,n,o,o,p,snoop
s,n,o,r,e,snore
s,n,o,r,t,snort
s,n,o,u,t,snout
s,n,o,w,y,snowy
s,n,u,c,k,snuck
s,n,u,f,f,snuff
s,o,a,p,y,soapy
s,o,b,e,r,sober
s,o,g,g,y,soggy
s,o,l,a,r,solar
s,o,l,i,d,solid
s,o,l,v,e,solve
s,o,n,a,r,sonar
s,o,n,i,c,sonic
s,o,o,t,h,sooth
s,o,o,t,y,sooty
s,o,r,r,y,sorry
s,o,u,n,d,sound
s,o,u,t,h,south
s,o,w,e,r,sower
s,p,a,c,e,space
s,p,a,d,e,spade
s,p,a,n,k,spank
s,p,a,r,e,spare
s,p,a,r,k,spark
s,p,a,s,m,spasm
s,p,a,w,n,spawn
s,p,e,a,k,speak
s,p,e,a,r,spear
s,p,e,c,k,speck
s,p,e,e,d,speed
s,p,e,l,l,spell
s,p,e,l,t,spelt
s,p,e,n,d,spend
s,p,e,n,t,spent
s,p,e,r,m,sperm
s,p,i,c,e,spice
s,p,i,c,y,spicy
s,p,i,e,d,spied
s,p,i,e,l,spiel
s,p,i,k,e,spike
s,p,i,k,y,spiky
s,p,i,l,l,spill
s,p,i,l,t,spilt
s,p,i,n,e,spine
s,p,i,n,y,spiny
s,p,i,r,e,spire
s,p,i,t,e,spite
s,p,l,a,t,splat
s,p,l,i,t,split
s,p,o,i,l,spoil
s,p,o,k,e,spoke
s,p,o,o,f,spoof
s,p,o,o,k,spook
s,p,o,o,l,spool
s,p,o,o,n,spoon
s,p,o,r,e,spore
s,p,o,r,t,sport
s,p,o,u,t,spout
s,p,r,a,y,spray
s,p,r,e,e,spree
s,p,r,i,g,sprig
s,p,u,n,k,spunk
s,p,u,r,n,spurn
s,p,u,r,t,spurt
s,q,u,a,d,squad
s,q,u,a,t,squat
s,q,u,i,b,squib
s,t,a,c,k,stack
s,t,a,f,f,staff
s,t,a,g,e,stage
s,t,a,i,d,staid
s,t,a,i,n,stain
s,t,a,i,r,stair
s,t,a,k,e,stake
s,t,a,l,e,stale
s,t,a,l,k,stalk
s,t,a,l,l,stall
s,t,a,m,p,stamp
s,t,a,n,d,stand
s,t,a,n,k,stank
s,t,a,r,e,stare
s,t,a,r,k,stark
s,t,a,r,t,start
s,t,a,s,h,stash
s,t,a,t,e,state
s,t,a,v,e,stave
s,t,e,a,d,stead
s,t,e,a,k,steak
s,t,e,a,l,steal
s,t,e,a,m,steam
s,t,e,e,d,steed
s,t,e,e,l,steel
s,t,e,e,p,steep
s,t,e,e,r,steer
s,t,e,i,n,stein
s,t,e,r,n,stern
s,t,i,c,k,stick
s,t,i,f,f,stiff
s,t,i,l,l,still
s,t,i,l,t,stilt
s,t,i,n,g,sting
s,t,i,n,k,stink
s,t,i,n,t,stint
s,t,o,c,k,stock
s,t,o,i,c,stoic
s,t,o,k,e,stoke
s,t,o,l,e,stole
s,t,o,m,p,stomp
s,t,o,n,e,stone
s,t,o,n,y,stony
s,t,o,o,d,stood
s,t,o,o,l,stool
s,t,o,o,p,stoop
s,t,o,r,e,store
s,t,o,r,k,stork
s,t,o,r,m,storm
s,t,o,r,y,story
s,t,o,u,t,stout
s,t,o,v,e,stove
s,t,r,a,p,strap
s,t,r,a,w,straw
s,t,r,a,y,stray
s,t,r,i,p,strip
s,t,r,u,t,strut
s,t,u,c,k,stuck
s,t,u,d,y,study
s,t,u,f,f,stuff
s,t,u,m,p,stump
s,t,u,n,g,stung
s,t,u,n,k,stunk
s,t,u,n,t,stunt
s,t,y,l,e,style
s,u,a,v,e,suave
s,u,g,a,r,sugar
s,u,i,n,g,suing
s,u,i,t,e,suite
s,u,l,k,y,sulky
s,u,l,l,y,sully
s,u,m,a,c,sumac
s,u,n,n,y,sunny
s,u,p,e,r,super
s,u,r,e,r,surer
s,u,r,g,e,surge
s,u,r,l,y,surly
s,u,s,h,i,sushi
s,w,a,m,i,swami
s,w,a,m,p,swamp
s,w,a,r,m,swarm
s,w,a,s,h,swash
s,w,a,t,h,swath
s,w,e,a,r,swear
s,w,e,a,t,sweat
s,w,e,e,p,sweep
s,w,e,e,t,sweet
s,w,e,l,l,swell
s,w,e,p,t,swept
s,w,i,f,t,swift
s,w,i,l,l,swill
s,w,i,n,e,swine
s,w,i,n,g,swing
s,w,i,r,l,swirl
s,w,i,s,h,swish
s,w,o,o,n,swoon
s,w,o,o,p,swoop
s,w,o,r,d,sword
s,w,o,r,e,swore
s,w,o,r,n,sworn
s,w,u,n,g,swung
s,y,n,o,d,synod
s,y,r,u,p,syrup
t,a,b,b,y,tabby
t,a,b,l,e,table
t,a,b,o,o,taboo
t,a,c,i,t,tacit
t,a,c,k,y,tacky
t,a,f,f,y,taffy
t,a,i,n,t,taint
t,a,k,e,n,taken
t,a,k,e,r,taker
t,a,l,l,y,tally
t,a,l,o,n,talon
t,a,m,e,r,tamer
t,a,n,g,o,tango
t,a,n,g,y,tangy
t,a,p,e,r,taper
t,a,p,i,r,tapir
t,a,r,d,y,tardy
t,a,r,o,t,tarot
t,a,s,t,e,taste
t,a,s,t,y,tasty
t,a,t,t,y,tatty
t,a,u,n,t,taunt
t,a,w,n,y,tawny
t,e,a,c,h,teach
t,e,a,r,y,teary
t,e,a,s,e,tease
t,e,d,d,y,teddy
t,e,e,t,h,teeth
t,e,m,p,o,tempo
t,e,n,e,t,tenet
t,e,n,o,r,tenor
t,e,n,s,e,tense
t,e,n,t,h,tenth
t,e,p,e,e,tepee
t,e,p,i,d,tepid
t,e,r,r,a,terra
t,e,r,s,e,terse
t,e,s,t,y,testy
t,h,a,n,k,thank
t,h,e,f,t,theft
t,h,e,i,r,their
t,h,e,m,e,theme
t,h,e,r,e,there
t,h,e,s,e,these
t,h,e,t,a,theta
t,h,i,c,k,thick
t,h,i,e,f,thief
t,h,i,g,h,thigh
t,h,i,n,g,thing
t,h,i,n,k,think
t,h,i,r,d,third
t,h,o,n,g,thong
t,h,o,r,n,thorn
t,h,o,s,e,those
t,h,r,e,e,three
t,h,r,e,w,threw
t,h,r,o,b,throb
t,h,r,o,w,throw
t,h,r,u,m,thrum
t,h,u,m,b,thumb
t,h,u,m,p,thump
t,h,y,m,e,thyme
t,i,a,r,a,tiara
t,i,b,i,a,tibia
t,i,d,a,l,tidal
t,i,g,e,r,tiger
t,i,g,h,t,tight
t,i,l,d,e,tilde
t,i,m,e,r,timer
t,i,m,i,d,timid
t,i,p,s,y,tipsy
t,i,t,a,n,titan
t,i,t,h,e,tithe
t,i,t,l,e,title
t,o,a,s,t,toast
t,o,d,a,y,today
t,o,d,d,y,toddy
t,o,k,e,n,token
t,o,n,a,l,tonal
t,o,n,g,a,tonga
t,o,n,i,c,tonic
t,o,o,t,h,tooth
t,o,p,a,z,topaz
t,o,p,i,c,topic
t,o,r,c,h,torch
t,o,r,s,o,torso
t,o,r,u,s,torus
t,o,t,a,l,total
t,o,t,e,m,totem
t,o,u,c,h,touch
t,o,u,g,h,tough
t,o,w,e,l,towel
t,o,w,e,r,tower
t,o,x,i,c,toxic
t,o,x,i,n,toxin
t,r,a,c,e,trace
t,r,a,c,k,track
t,r,a,c,t,tract
t,r,a,d,e,trade
t,r,a,i,l,trail
t,r,a,i,n,train
t,r,a,i,t,trait
t,r,a,m,p,tramp
t,r,a,s,h,trash
t,r,a,w,l,trawl
t,r,e,a,d,tread
t,r,e,a,t,treat
t,r,e,n,d,trend
t,r,i,a,d,triad
t,r,i,a,l,trial
t,r,i,b,e,tribe
t,r,i,c,e,trice
t,r,i,c,k,trick
t,r,i,e,d,tried
t,r,i,p,e,tripe
t,r,i,t,e,trite
t,r,o,l,l,troll
t,r,o,o,p,troop
t,r,o,p,e,trope
t,r,o,u,t,trout
t,r,o,v,e,trove
t,r,u,c,e,truce
t,r,u,c,k,truck
t,r,u,e,r,truer
t,r,u,l,y,truly
t,r,u,m,p,trump
t,r,u,n,k,trunk
t,r,u,s,s,truss
t,r,u,s,t,trust
t,r,u,t,h,truth
t,r,y,s,t,tryst
t,u,b,a,l,tubal
t,u,b,e,r,tuber
t,u,l,i,p,tulip
t,u,l,l,e,tulle
t,u,m,o,r,tumor
t,u,n,i,c,tunic
t,u,r,b,o,turbo
t,u,t,o,r,tutor
t,w,a,n,g,twang
t,w,e,a,k,tweak
t,w,e,e,d,tweed
t,w,e,e,t,tweet
t,w,i,c,e,twice
t,w,i,n,e,twine
t,w,i,r,l,twirl
t,w,i,s,t,twist
t,w,i,x,t,twixt
t,y,i,n,g,tying
u,d,d,e,r,udder
u,l,c,e,r,ulcer
u,l,t,r,a,ultra
u,m,b,r,a,umbra
u,n,c,l,e,uncle
u,n,c,u,t,uncut
u,n,d,e,r,under
u,n,d,i,d,undid
u,n,d,u,e,undue
u,n,f,e,d,unfed
u,n,f,i,t,unfit
u,n,i,f,y,unify
u,n,i,o,n,union
u,n,i,t,e,unite
u,n,i,t,y,unity
u,n,l,i,t,unlit
u,n,m,e,t,unmet
u,n,s,e,t,unset
u,n,t,i,e,untie
u,n,t,i,l,until
u,n,w,e,d,unwed
u,n,z,i,p,unzip
u,p,p,e,r,upper
u,p,s,e,t,upset
u,r,b,a,n,urban
u,r,i,n,e,urine
u,s,a,g,e,usage
u,s,h,e,r,usher
u,s,i,n,g,using
u,s,u,a,l,usual
u,s,u,r,p,usurp
u,t,i,l,e,utile
u,t,t,e,r,utter
v,a,g,u,e,vague
v,a,l,e,t,valet
v,a,l,i,d,valid
v,a,l,o,r,valor
v,a,l,u,e,value
v,a,l,v,e,valve
v,a,p,i,d,vapid
v,a,p,o,r,vapor
v,a,u,l,t,vault
v,a,u,n,t,vaunt
v,e,g,a,n,vegan
v,e,n,o,m,venom
v,e,n,u,e,venue
v,e,r,g,e,verge
v,e,r,s,e,verse
v,e,r,s,o,verso
v,e,r,v,e,verve
v,i,c,a,r,vicar
v,i,d,e,o,video
v,i,g,i,l,vigil
v,i,g,o,r,vigor
v,i,l,l,a,villa
v,i,n,y,l,vinyl
v,i,o,l,a,viola
v,i,p,e,r,viper
v,i,r,a,l,viral
v,i,r,u,s,virus
v,i,s,i,t,visit
v,i,s,o,r,visor
v,i,s,t,a,vista
v,i,t,a,l,vital
v,i,v,i,d,vivid
v,i,x,e,n,vixen
v,o,c,a,l,vocal
v,o,d,k,a,vodka
v,o,g,u,e,vogue
v,o,i,c,e,voice
v,o,i,l,a,voila
v,o,m,i,t,vomit
v,o,t,e,r,voter
v,o,u,c,h,vouch
v,o,w,e,l,vowel
v,y,i,n,g,vying
w,a,c,k,y,wacky
w,a,f,e,r,wafer
w,a,g,e,r,wager
w,a,g,o,n,wagon
w,a,i,s,t,waist
w,a,i,v,e,waive
w,a,l,t,z,waltz
w,a,r,t,y,warty
w,a,s,t,e,waste
w,a,t,c,h,watch
w,a,t,e,r,water
w,a,v,e,r,waver
w,a,x,e,n,waxen
w,e,a,r,y,weary
w,e,a,v,e,weave
w,e,d,g,e,wedge
w,e,e,d,y,weedy
w,e,i,g,h,weigh
w,e,i,r,d,weird
w,e,l,c,h,welch
w,e,l,s,h,welsh
w,h,a,c,k,whack
w,h,a,l,e,whale
w,h,a,r,f,wharf
w,h,e,a,t,wheat
w,h,e,e,l,wheel
w,h,e,l,p,whelp
w,h,e,r,e,where
w,h,i,c,h,which
w,h,i,f,f,whiff
w,h,i,l,e,while
w,h,i,n,e,whine
w,h,i,n,y,whiny
w,h,i,r,l,whirl
w,h,i,s,k,whisk
w,h,i,t,e,white
w,h,o,l,e,whole
w,h,o,o,p,whoop
w,h,o,s,e,whose
w,i,d,e,n,widen
w,i,d,e,r,wider
w,i,d,o,w,widow
w,i,d,t,h,width
w,i,e,l,d,wield
w,i,g,h,t,wight
w,i,l,l,y,willy
w,i,m,p,y,wimpy
w,i,n,c,e,wince
w,i,n,c,h,winch
w,i,n,d,y,windy
w,i,s,e,r,wiser
w,i,s,p,y,wispy
w,i,t,c,h,witch
w,i,t,t,y,witty
w,o,k,e,n,woken
w,o,m,a,n,woman
w,o,m,e,n,women
w,o,o,d,y,woody
w,o,o,e,r,wooer
w,o,o,l,y,wooly
w,o,o,z,y,woozy
w,o,r,d,y,wordy
w,o,r,l,d,world
w,o,r,r,y,worry
w,o,r,s,e,worse
w,o,r,s,t,worst
w,o,r,t,h,worth
w,o,u,l,d,would
w,o,u,n,d,wound
w,o,v,e,n,woven
w,r,a,c,k,wrack
w,r,a,t,h,wrath
w,r,e,a,k,wreak
w,r,e,c,k,wreck
w,r,e,s,t,wrest
w,r,i,n,g,wring
w,r,i,s,t,wrist
w,r,i,t,e,write
w,r,o,n,g,wrong
w,r,o,t,e,wrote
w,r,u,n,g,wrung
w,r,y,l,y,wryly
y,a,c,h,t,yacht
y,e,a,r,n,yearn
y,e,a,s,t,yeast
y,i,e,l,d,yield
y,o,u,n,g,young
y,o,u,t,h,youth
z,e,b,r,a,zebra
z,e,s,t,y,zesty
z,o,n,a,l,zonal
